Name,Time

2223000139,00:16:41
2223000139,00:16:42
2223000139,00:16:42
2223000139,00:16:42
2223000139,00:16:42
2223000139,00:16:43
2223000139,00:16:43
2223000139,00:16:43
2223000139,00:16:43
2223000139,00:16:44
2223000139,00:16:44
2223000139,00:16:44
2223000139,00:16:44
2223000139,00:16:45
2223000139,00:16:45
2223000139,00:16:45
2223000139,00:16:45
2223000139,00:16:46
2223000139,00:16:46
2223000139,00:16:46
2223000139,00:16:46
2223000139,00:16:47
2223000139,00:16:47
2223000139,00:16:47
2223000139,00:16:47
2223000139,00:16:48
2223000139,00:16:48
2223000139,00:16:48
2223000139,00:16:48
2223000139,00:16:49
2223000139,00:16:49
2223000139,00:16:49
2223000139,00:16:49
2223000139,00:16:50
2223000139,00:16:50
2223000139,00:16:50
2223000139,00:16:50
2223000139,00:16:51
2223000139,00:16:51
2223000139,00:16:51
2223000139,00:16:51
2223000139,00:16:52
2223000139,00:16:52
2223000139,00:16:53
2223000139,00:16:53
2223000139,00:16:53
2223000139,00:16:53
2223000139,00:16:54
2223000139,00:16:54
2223000139,00:16:54
2223000139,00:16:54
2223000139,00:16:55
2223000139,00:16:55
2223000139,00:16:55
2223000139,00:16:55
2223000139,00:16:56
2223000139,00:16:56
2223000139,00:16:56
2223000139,00:16:56
2223000139,00:16:57
2223000139,00:16:57
2223000139,00:16:57
2223000139,00:16:57
2223000139,00:16:58
2223000139,00:16:58
2223000139,00:16:58
2223000139,00:16:58
2223000139,00:16:59
2223000139,00:16:59
2223000139,00:16:59
2223000139,00:16:59
2223000139,00:17:00
2223000139,00:17:00
2223000139,00:17:00
2223000139,00:17:00
2223000139,00:17:01
2223000139,00:17:01
2223000139,00:17:01
2223000139,00:17:01
2223000139,00:17:02
2223000139,00:17:02
2223000139,00:17:02
2223000139,00:17:02
2223000139,00:17:03
2223000139,00:17:03
2223000139,00:17:03
2223000139,00:17:03
2223000139,00:17:04
2223000139,00:17:04
2223000139,00:17:04
2223000139,00:17:04
2223000139,00:17:05
2223000139,00:17:05
2223000139,00:17:05
2223000139,00:17:05
2223000139,00:17:06
2223000139,00:17:06
2223000139,00:17:06
2223000139,00:17:06
2223000139,00:17:07
2223000139,00:17:07
2223000139,00:17:07
2223000139,00:17:07
2223000139,00:17:08
2223000139,00:17:08
2223000139,00:17:08
2223000139,00:17:08
2223000139,00:17:09
2223000139,00:17:09
2223000139,00:17:09
2223000139,00:17:09
2223000139,00:17:10
2223000139,00:17:10
2223000139,00:17:10
2223000139,00:17:10
2223000139,00:17:11
2223000139,00:17:11
2223000139,00:17:11
2223000139,00:17:11
2223000139,00:17:12
2223000139,00:17:12
2223000139,00:17:12
2223000139,00:17:12
2223000139,00:17:13
2223000139,00:17:13
2223000139,00:17:13
2223000139,00:17:13
2223000139,00:17:14
2223000139,00:17:14
2223000139,00:17:14
2223000139,00:17:14
2223000139,00:17:15
2223000139,00:17:15
2223000139,00:17:15
2223000139,00:17:15
2223000139,00:17:16
2223000139,00:17:16
2223000139,00:17:16
2223000139,00:17:16
2223000139,00:17:17
2223000139,00:17:17
2223000139,00:17:17
2223000139,00:17:17
2223000139,00:17:18
2223000139,00:17:18
2223000139,00:17:18
2223000139,00:17:18
2223000139,00:17:19
2223000139,00:17:19
2223000139,00:17:19
2223000139,00:17:19
2223000139,00:17:20
2223000139,00:17:20
2223000139,00:17:20
2223000139,00:17:20
2223000139,00:17:21
2223000139,00:17:21
2223000139,00:17:21
2223000139,00:17:21
2223000139,00:17:22
2223000139,00:17:22
2223000139,00:17:23
2223000139,00:17:23
2223000139,00:17:23
2223000139,00:17:23
2223000139,00:17:24
2223000139,00:17:24
2223000139,00:17:24
2223000139,00:17:24
2223000139,00:17:25
2223000139,00:17:25
2223000139,00:17:25
2223000139,00:17:25
2223000139,00:17:26
2223000139,00:17:26
2223000139,00:17:26
2223000139,00:17:26
2223000139,00:17:27
2223000139,00:17:27
2223000139,00:17:27
2223000139,00:17:27
2223000139,00:17:28
2223000139,00:17:28
2223000139,00:17:28
2223000139,00:17:28
2223000139,00:17:29
2223000139,00:17:29
2223000139,00:17:29
2223000139,00:17:29
2223000139,00:17:30
2223000139,00:17:30
2223000139,00:17:31
2223000139,00:17:31
2223000139,00:17:31
2223000139,00:17:31
2223000139,00:17:32
2223000139,00:17:32
2223000139,00:17:32
2223000139,00:17:32
2223000139,00:17:33
2223000139,00:17:33
2223000139,00:17:33
2223000139,00:17:33
2223000139,00:17:34
2223000139,00:17:34
2223000139,00:17:34
2223000139,00:17:34
2223000139,00:17:35
2223000139,00:17:35
2223000139,00:17:35
2223000139,00:17:35
2223000139,00:17:36
2223000139,00:17:36
2223000139,00:17:36
2223000139,00:17:36
2223000139,00:17:37
2223000139,00:17:37
2223000139,00:17:37
2223000139,00:17:37
2223000139,00:17:38
2223000139,00:17:38
2223000139,00:17:38
2223000139,00:17:38
2223000139,00:17:39
2223000139,00:17:39
2223000139,00:17:39
2223000139,00:17:39
2223000139,00:17:40
2223000139,00:17:40
2223000139,00:17:40
2223000139,00:17:40
2223000139,00:17:41
2223000139,00:17:41
2223000139,00:17:41
2223000139,00:17:41
2223000139,00:17:42
2223000139,00:17:42
2223000139,00:17:42
2223000139,00:17:42
2223000139,00:17:43
2223000139,00:17:43
2223000139,00:17:44
2223000139,00:17:44
2223000139,00:17:44
2223000139,00:17:44
2223000139,00:17:45
2223000139,00:17:45
2223000139,00:17:45
2223000139,00:17:45
2223000139,00:17:46
2223000139,00:17:46
2223000139,00:17:46
2223000139,00:17:46
2223000139,00:17:47
2223000139,00:17:47
2223000139,00:17:47
2223000139,00:17:47